¿°»ö»öÂ÷ DL,¿°»ö»öÂ÷ DA,¿°»ö»öÂ÷ DB,¿°»ö»öÂ÷ DC,¿°»ö»öÂ÷ DH,¿°»ö»öÂ÷ DE
1.402431,-0.07987022,0.2555132,0.06365299,-0.2600278,1.427754
-0.04318619,-0.02196431,0.6147623,0.03267336,-0.6142862,0.6166686
12.72453,-1.963228,-1.810259,1.940723,-1.834361,13.00173
0.2431526,0.2516061,-3.862172,3.830362,-0.5549878,3.87799
0.6737862,0.1993477,-3.894216,3.854515,-0.5893819,3.9571
1.032806,-0.03953278,0.04003143,-0.03947449,-0.04008822,1.034338
1.150017,0.5714595,-2.682459,-2.485372,1.159776,2.974003
12.73621,-2.11367,-1.712829,1.902705,-1.944506,13.02354
1.630646,2.445013,-0.2168775,2.448905,0.1672998,2.946885
0.8417549,0.2781898,-3.523368,3.499851,-0.4924991,3.633189
0.6532822,0.9754601,0.2052665,0.9351263,0.3452468,1.19182
-0.1163635,0.2553167,-0.06710291,0.2629223,-0.0236918,0.2884959
2.462723,0.1294911,-1.441013,-1.444911,0.07429474,2.856272
-0.2369766,0.09942055,-0.9436607,-0.9483385,0.0321575,0.9780276
0.02278137,0.1087189,0.546217,0.5342646,-0.1572709,0.5573973
-4.120605,0.2439618,-1.815939,-1.832237,0.007628052,4.509605
1.643995,0.4790723,0.3181696,-0.2652912,0.5102575,1.741684
1.264555,0.4053116,0.7778225,-0.7306013,0.4852907,1.538956
0.182457,-0.7344484,4.590677,-4.61268,0.5804402,4.652636
0.3569012,-1.82353,0.1485767,0.6425209,-1.713039,1.864058
1.124537,-0.149861,-0.06158257,0.06445026,-0.14865,1.136148
-0.6880875,0.3035069,-3.523767,3.504424,-0.4775577,3.603126
-0.626873,0.3232956,-3.521222,3.505261,-0.4654745,3.591169
0.6583977,-0.9627941,1.774334,-1.893011,-0.7012436,2.123375
0.6397305,-0.9571316,1.699339,-1.817919,-0.706417,2.052586
-0.6626053,-0.3237724,0.272572,0.3907809,0.1625249,0.7862378
-0.9150009,-0.4164577,-1.046157,-1.094034,-0.2664028,1.450899
1.490326,-0.6565452,0.7301807,0.64012,0.7446218,1.784737
2.212891,-0.2588034,-0.3130436,-0.2944622,0.2797636,2.249858
-0.5632477,-0.01007318,-0.1492376,-0.1483593,0.01904854,0.5827703
-1.009823,0.1493096,-0.086689,0.06154251,0.1613096,1.024476
0.1570053,-0.3888607,0.2861252,-0.2085991,-0.4353926,0.5076721
-0.5111828,0.5973279,-3.218925,3.263926,-0.255086,3.313546
-0.725956,1.112581,-0.3310661,0.7989807,0.842064,1.369107
0.151535,0.1707973,0.2428894,-0.1410217,0.2613042,0.3333615
13.71976,-2.047598,-2.552301,2.671528,-1.889402,14.10456
0.6192932,-0.02673268,-0.1782179,-0.1731167,0.05006897,0.6449809
1.210587,-0.1401901,-0.4262209,-0.4024658,0.1983403,1.291061
0.7333374,0.1472533,0.4280443,0.4072561,-0.1976054,0.8617942
-1.03772,-0.2253647,-0.5046248,-0.1321201,-0.5366375,1.175712
-1.620796,-0.89398,-0.1613975,-0.8550453,-0.3068336,1.858018
1.345825,-2.417505,1.655937,0.8535309,2.803203,3.224547
0.6570206,-0.6044502,0.8110046,0.5804749,0.8283342,1.206136
-1.153313,-0.01451349,-1.126539,-0.9168253,-0.6547768,1.612275
-1.420998,0.1672208,-0.4625797,-0.4448166,-0.2099552,1.503721
-1.027565,-0.01478195,-1.065636,-1.062654,-0.08102744,1.480435
-1.115784,-0.0590682,-0.6066923,-0.6095314,0.006012098,1.271431
-1.115318,-0.02840161,-0.9164572,-0.9153519,-0.0532088,1.443827
-0.02604485,-0.3001392,-0.2287626,0.3406348,-0.1624309,0.378278
1.156952,-0.3318937,-0.8518677,0.7865791,-0.4659668,1.474574
0.2746124,-0.2722964,-0.2656517,0.2163515,-0.3129028,0.4691782
0.9225082,-1.886845,0.831665,0.215744,2.050684,2.258954
0.1393585,-0.5759888,-0.4545517,-0.6135025,0.4024861,0.7468609
0.8486958,-1.037956,1.703821,-1.832796,-0.788173,2.168097
-0.08934784,-1.727432,0.4970732,0.2934904,-1.773405,1.799746
-0.169342,0.5859737,-1.117146,0.3483906,-1.212437,1.272815
-0.7322311,-0.5640087,-0.6207585,-0.6963673,-0.4674607,1.113377
-2.401649,-0.685863,1.489791,-1.119081,-1.198976,2.908231
-0.5770187,0.006616116,-0.8661985,0.2171299,0.8385692,1.040814
-0.819725,-0.1778305,0.2075315,0.1689959,-0.2147868,0.8640845
-1.264908,-0.02011657,-0.962317,0.2824442,0.9201542,1.589481
0.09679794,-0.4510283,0.01955032,0.4482594,-0.053594,0.4617127
4.345142,0.5070267,0.8220539,-0.9560108,0.1374427,4.451192
0.3671227,0.2835693,-0.1366386,0.0134182,0.3144863,0.4835915
-1.76416,-0.04917383,-1.341665,0.7281137,1.127977,2.216922
-0.0982151,0.1716766,-0.04761815,-0.1779728,-0.008126681,0.2034369
-3.007088,-0.7741451,0.5660653,0.1429663,-0.9483095,3.156312
6.639187,-4.742771,5.847397,-5.249546,-5.397055,10.03816
0.5112953,-2.592176,1.376701,-1.149654,-2.700552,2.97928
0.776886,0.05409122,0.02818108,-0.04594421,0.04011411,0.7792765
-0.6689377,-0.2976356,0.5280018,0.4789853,-0.3714106,0.9026906
1.937225,0.1348858,-0.09592772,-0.1325512,0.09912834,1.944283
1.615074,0.09217834,0.1882195,-0.09522247,-0.1866982,1.628615
0.7630157,2.162247,-0.1002789,1.967346,-0.9027267,2.295116
2.761749,-0.04941225,-0.9869928,-0.9868774,0.05165719,2.933233
0.04023743,-0.02141297,-0.3759146,0.3614347,-0.1055236,0.3786678
-1.12756,0.05051494,-1.513206,1.507254,-0.1432906,1.887786
-0.5939636,-0.4530702,-0.1488924,0.4768591,-0.00684623,0.7617311
-1.165176,-1.050353,0.6241918,1.135311,0.4515817,1.68834
4.754017,0.2692342,-0.8055687,-0.8064647,0.2665405,4.829297
-0.5827637,0.04610252,0.9812713,-0.2553711,-0.9485802,1.142205
3.700073,1.116037,2.817523,-1.606955,-2.569373,4.782732
-7.984495,-0.5252808,3.638628,-3.666142,0.2737525,8.790205
-4.688381,-0.7619262,2.955842,-3.044253,-0.2237312,5.594502
-11.78147,-0.6206334,4.405105,-4.430935,0.3961682,12.59338
-2.477522,1.645327,-0.3506155,1.339436,-1.017813,2.994686
5.396858,-0.7238979,-1.397932,-1.250377,-0.9564506,5.621772
-0.5299683,-0.1653135,1.163363,-0.9872274,-0.6372793,1.289034
1.540031,-1.033559,-0.4615517,0.6962233,-0.8924955,1.911275
0.7802219,-0.1995859,0.04407501,-0.001267433,-0.2043907,0.8065503
0.3564777,-0.06861973,0.06464386,-0.04929066,-0.08036117,0.3687328
1.020679,-0.2849996,-0.7120371,-0.5863528,-0.4943805,1.276718
-1.170563,0.08672476,-0.03888702,0.01497078,0.09385794,1.174415
4.236397,-0.8856952,2.091419,-2.214005,-0.50663,4.806823
-0.7915802,-0.8116663,3.042566,-3.14144,-0.2176327,3.246939
4.223209,-0.08147955,2.03222,-1.999127,0.3742258,4.687436
-0.1182518,0.1205502,0.2684953,-0.02768135,-0.2930116,0.3171838
-0.2653313,-0.2342463,-0.3045976,0.07502174,-0.3768591,0.4669601
1.121874,-0.2459884,-0.1343489,-0.06647539,-0.2722882,1.156357
-20.13113,-0.9646099,0.7920846,-1.233884,-0.1881836,20.16979
-0.2301369,-0.2484024,-0.313741,0.08081031,-0.3919271,0.4616277
-2.148621,0.1752675,0.1625423,-0.2036467,0.125169,2.161876
1.608437,0.1351535,0.3483653,-0.3711882,-0.0429443,1.65127
0.6391792,0.2763569,0.03515482,-0.1539364,0.232191,0.6972511
1.288437,0.6105304,0.7381558,-0.8725638,0.3952895,1.605519
3.782318,0.5207062,1.395118,-1.485122,0.1090975,4.064901
2.247559,0.5929172,1.699388,-1.79754,0.09121072,2.879408
1.353256,0.592351,1.113009,-1.231644,0.2696727,1.849587
1.144573,0.5887151,0.510788,-0.6464167,0.4354712,1.384752
1.677647,0.1054401,0.1653194,-0.1082115,-0.1635181,1.689067
0.2522831,-0.09955466,0.01246929,-0.05576444,-0.0834083,0.2715021
1.063644,0.2406538,0.177753,-0.2966217,-0.03906408,1.104921
0.03225136,0.4644394,-0.8526001,0.930933,0.2756712,0.9714273
0.8389969,0.4495683,-0.5970211,0.678319,0.3137344,1.123593
-0.04861259,-0.9604393,2.606374,-2.738536,-0.4648104,2.778127
1.897585,-0.04458427,-0.9157391,0.8899193,-0.2204766,2.107462
0.2756271,-0.1096129,0.5526409,-0.5035324,-0.252749,0.6272139
0.7895317,-0.001609325,0.4436131,-0.427475,-0.1185759,0.9056243
-1.768232,0.6024094,1.119798,-1.270597,0.04925595,2.177955
0.8067589,-0.5539951,0.5220585,-0.2096882,-0.7317695,1.109196
1.121719,-1.175821,0.5931497,1.01919,-0.8340469,1.729924
1.074997,-2.290756,1.026571,2.032515,-1.473192,2.730756
-2.321068,-0.729352,1.783577,1.926876,0.0158218,3.016696
1.216705,-0.6803865,2.241577,2.334587,-0.1931234,2.63969
-1.115284,0.2990663,-0.7719636,-0.321174,0.7630306,1.388966
0.2863483,-0.4909635,0.3247614,-0.02134418,-0.5882682,0.6546071
0.4966183,-0.7001462,0.3116665,0.105423,-0.759096,0.9132198
0.01888847,-0.2705755,-0.05875206,0.187129,-0.2040726,0.2775242
-0.4147911,-0.3211799,0.151515,0.0337677,-0.3535152,0.5460448
0.312376,-0.4777312,0.3238077,-0.02777386,-0.5764609,0.6562449
-0.1677208,0.03987551,-0.2909243,0.2591867,-0.138019,0.3381675
-0.5463009,0.09508431,-0.2720475,0.2748272,-0.08672292,0.6176533
-1.195587,-0.2602935,-0.1030922,0.1902857,0.2053583,1.227929
-2.21841,0.1820922,-0.5289435,-0.369861,0.419693,2.287856
3.945421,-0.01436472,-0.07505417,0.06571472,-0.03900963,3.946161
2.666603,-0.03987551,-0.1731396,0.1508133,-0.09393136,2.672516
2.443825,-0.348896,0.06217957,0.3476219,-0.06894279,2.469387
1.474102,-0.3666592,-0.02945662,0.3672142,0.02145393,1.519304
-0.5255508,-0.2264977,0.4587059,0.04211235,0.509842,0.7334276
1.507286,-1.409472,0.2939348,-1.04896,0.986251,2.084447
-1.13842,-0.1600094,-0.1499052,-0.2139339,-0.04803153,1.159343
2.148523,-0.7348508,-0.5476475,0.3881922,-0.830199,2.335824
0.4224739,-0.351727,-0.3231466,0.2045755,-0.4316068,0.6376675
0.9274139,-0.3871021,0.4347076,-0.3412304,-0.4715725,1.09495
0.517952,-0.5981922,1.274443,-1.385516,-0.2497684,1.500104
-2.521538,-0.5457103,2.103877,-2.172013,0.08037856,3.329002
-2.727478,-1.964957,5.800331,-6.075579,-0.7695705,6.704031
-1.571388,-2.515018,6.604052,-6.953485,-1.260106,7.239342
0.3275738,-0.04850328,0.5412877,-0.5168732,0.1678898,0.6345467
0.8416576,-0.1699924,0.6106675,-0.6302543,0.06776206,1.05366
0.3690109,-0.097543,0.5880177,-0.5801438,0.136794,0.7010339
0.4092999,-0.6095324,0.1675186,0.07893562,-0.6271853,0.7530727
-0.3352985,-0.65662,0.4049597,-0.1187458,-0.7622609,0.8411702
0.4225235,0.04905462,0.128829,-0.1378431,0.00159618,0.4444428
-0.6463928,0.05307817,0.1735926,-0.1812382,-0.01021648,0.671398
0.3794136,-0.000923634,0.1931429,-0.1807489,-0.06807966,0.4257461
-0.8362656,0.3090799,-0.3535986,0.3448826,-0.3187763,0.9591154
0.6934586,1.301645,1.095079,1.640129,-0.4510608,1.836944
-1.517086,-0.5021706,-0.853754,-0.9883347,-0.06531131,1.8118
1.265701,0.03728271,0.9978771,0.9704285,-0.235409,1.612188
0.4191513,0.2315938,0.06488562,0.0178895,-0.2398454,0.4832532
0.1761551,-0.1189411,-0.2121687,0.2273307,-0.08650598,0.3003217
0.8923073,-0.2345592,0.4952374,-0.4475799,-0.3161494,1.047134
-0.05635262,0.04287064,0.09385347,-0.05862296,0.08491004,0.1175669
0.2504578,0.06631017,0.2241135,-0.1525989,0.177024,0.3425682
2.070065,0.2826154,0.7976651,-0.8446782,-0.05157606,2.236361
-0.000110626,0.01505017,0.000452995,-0.006184101,0.01372843,0.0150574
-0.5292568,-0.1129955,0.3401101,-0.3297924,0.1402849,0.6391836
-4.208237,0.4956126,0.1766205,-0.2344642,0.4710127,4.241
1.180176,0.4540086,1.537275,-1.585617,0.2348555,1.990516
-13.46375,-12.90301,28.75564,-31.4256,2.409685,34.27313
-13.46375,-12.90301,28.75564,-31.4256,2.409685,34.27313
-13.81865,-12.92187,28.61772,-31.31973,2.241271,34.30603
-13.81865,-12.92187,28.61772,-31.31973,2.241271,34.30603
-13.63034,-12.97174,28.44171,-31.19711,1.984249,34.10254
-13.63034,-12.97174,28.44171,-31.19711,1.984249,34.10254
0.3323631,0.1036835,1.164757,0.8264084,0.8273196,1.215678
-0.1591835,0.05292892,-0.2201462,-0.09918213,-0.2035404,0.2767764
0.1413803,-0.1992874,0.1482582,-0.05878448,0.2413304,0.2858048
0.5039673,0.2400279,-0.2740502,0.3068042,0.1964386,0.621852
0.8695068,0.3785193,-0.3931522,0.4482322,0.3113415,1.02659
0.7253418,0.3056526,-2.316773,-2.313681,0.3282388,2.446831
1.067551,0.4661679,-2.457762,-2.495908,0.1683782,2.719847
1.067551,0.4661679,-2.457762,-2.495908,0.1683782,2.719847
-14.43311,-13.13107,29.11307,-31.84957,2.366552,35.04726
-14.43311,-13.13107,29.11307,-31.84957,2.366552,35.04726
-0.7479515,-0.1817493,-0.1086235,-0.003163338,-0.2117119,0.7773438
-14.74243,-13.04607,28.81906,-31.55627,2.222604,34.90097
-14.74243,-13.04607,28.81906,-31.55627,2.222604,34.90097
-13.96789,-12.82179,28.99716,-31.58216,2.793082,34.64586
-13.96789,-12.82179,28.99716,-31.58216,2.793082,34.64586
-1.226189,1.315505,-0.778389,0.9001999,1.235347,1.959587
-1.999084,1.441151,-0.2763252,0.4155273,1.407341,2.479841
-1.794876,1.187682,-0.05601501,0.168148,1.177053,2.152976
-1.019608,0.9459555,0.1062126,-0.02706528,0.9515147,1.394888
-0.5676956,0.0308156,-0.420332,-0.4213886,-0.007755911,0.7070409
0.4411697,-1.101792,0.4852066,-0.6680984,-1.001507,1.282186
5.276642,-3.900349,0.5558739,-1.066936,-3.792541,6.585186
2.149246,-2.2012,0.2859955,-0.6267891,-2.129368,3.089714
0.6684036,-1.431138,0.2314949,-0.4676857,-1.37223,1.596405
0.669117,-1.313806,0.5389938,-0.7541275,-1.203284,1.569814
0.03676224,-0.9969473,0.6037254,-0.7683296,-0.8763891,1.166079
-0.2626495,0.4664383,0.5726089,0.7305069,0.1086525,0.7838562
-15.71739,-13.25694,29.07129,-31.88219,2.100501,35.6079
-15.71739,-13.25694,29.07129,-31.88219,2.100501,35.6079
-0.1435452,0.1267343,-0.2201796,0.2538376,-0.01034791,0.2917975
-15.56274,-13.25317,28.92577,-31.75681,1.96246,35.41956
-15.56274,-13.25317,28.92577,-31.75681,1.96246,35.41956
-14.97494,-13.28503,28.51322,-31.42018,1.505979,34.83883
-14.97494,-13.28503,28.51322,-31.42018,1.505979,34.83883
-13.7711,-12.7388,28.02751,-30.72229,1.989765,33.72627
-13.7711,-12.7388,28.02751,-30.72229,1.989765,33.72627
-14.04742,-12.76498,28.38163,-31.03632,2.282263,34.14369
-14.04742,-12.76498,28.38163,-31.03632,2.282263,34.14369
-13.83055,-12.75546,28.41438,-31.05879,2.330222,34.07877
-13.83055,-12.75546,28.41438,-31.05879,2.330222,34.07877
0.1202316,-0.3174248,0.2638693,0.3877449,-0.1415605,0.4299316
0.2329254,0.7511387,0.2444859,-0.6218948,-0.4870621,0.8235514
0.09075165,0.4965076,-0.100625,-0.501482,-0.07184041,0.514666
-13.88744,-13.07003,28.32429,-31.14793,1.702099,34.14604
-13.88744,-13.07003,28.32429,-31.14793,1.702099,34.14604
-0.1664619,-0.03644848,-0.2465429,0.1901617,-0.1610914,0.2997023
-14.28138,-13.09517,28.45337,-31.27147,1.781215,34.42435
-14.28138,-13.09517,28.45337,-31.27147,1.781215,34.42435
-13.881,-12.91342,28.35415,-31.09196,2.001003,34.10859
-13.881,-12.91342,28.35415,-31.09196,2.001003,34.10859
-0.5664597,0.1144104,-0.05661774,0.0464859,-0.118888,0.580665
-1.85833,-0.4526367,-1.435822,-1.298965,-0.7610203,2.391621
-1.323074,0.1948776,-0.4028549,-0.1264572,-0.4292759,1.396709
-14.39693,-12.87335,28.6865,-31.35143,2.39291,34.58193
-14.39693,-12.87335,28.6865,-31.35143,2.39291,34.58193
-14.29967,-12.80284,28.71206,-31.33437,2.540172,34.53658
-14.29967,-12.80284,28.71206,-31.33437,2.540172,34.53658
-0.637207,0.128314,-0.05431175,0.1147528,0.07903215,0.652263
-0.354805,0.190109,-0.7775898,-0.7858133,-0.1525936,0.8755992
1.133057,0.6334782,-3.193009,-3.248258,0.2131172,3.446798
0.2518845,0.4585981,-2.157295,-2.204149,0.07720508,2.219837
0.2518845,0.4585981,-2.157295,-2.204149,0.07720508,2.219837
4.773087,-3.216594,0.6580467,-1.109493,-3.090069,5.79326
0.2285881,-0.9723902,0.5496979,-0.7110405,-0.8614706,1.140159
1.484035,-1.287073,0.1271858,-0.3430328,-1.247021,1.968526
1.056938,-1.025051,0.5084534,-0.6788254,-0.9211134,1.557682
0.2515373,-0.7398429,0.5447769,-0.6677094,-0.6311209,0.9525862
0.1761322,-0.7345676,0.5062943,-0.628891,-0.6327872,0.9093657
0.2448845,0.680089,-0.3359184,0.394413,0.6479202,0.7970763
-0.2341118,0.7176101,-0.2673416,0.3239021,0.6939188,0.8007773
-15.05922,-13.09464,28.00722,-30.88713,1.363427,34.38973
-15.05922,-13.09464,28.00722,-30.88713,1.363427,34.38973
0.7154675,0.2135706,-0.5539532,0.5829697,-0.1123515,0.9297151
-13.44799,-12.85725,27.05199,-29.93806,0.9122375,32.83242
-13.44799,-12.85725,27.05199,-29.93806,0.9122375,32.83242
-13.02508,-12.74128,27.56799,-30.32975,1.562142,33.04522
-13.02508,-12.74128,27.56799,-30.32975,1.562142,33.04522
-13.67204,-12.72936,28.1959,-30.8603,2.164992,33.82262
-13.67204,-12.72936,28.1959,-30.8603,2.164992,33.82262
-13.64749,-12.7192,28.27175,-30.91903,2.254709,33.87217
-13.64749,-12.7192,28.27175,-30.91903,2.254709,33.87217
-0.3590012,-2.931091,-2.873901,-4.102112,-0.1525926,4.120617
4.256149,-9.064764,-13.34667,15.41781,-4.753379,16.68587
4.252535,-8.857609,-13.21348,15.20161,-4.686595,16.46625
-1.452652,0.942379,-0.08801222,0.9464779,-0.001987858,1.733788
-1.621147,0.2408915,0.09537935,0.2317305,0.1158743,1.64172
-1.461533,-0.3988447,0.4272103,-0.429944,0.3958963,1.574059
-1.867302,-0.5440416,0.4300356,-0.5750504,0.3875935,1.991916
1.11702,0.07390976,-1.100242,1.083011,-0.2075651,1.569627
-1.797462,0.2871454,-0.1853585,-0.3235703,-0.1100575,1.829667
-0.1976776,0.197649,-0.1860738,0.05976725,-0.2647951,0.335805
0.4547119,0.2520084,-0.2345562,0.0794096,-0.334991,0.57034
-0.7933636,-0.3865287,-0.504601,0.6251235,-0.1150964,1.016589
0.1860275,-0.08124113,0.1513243,-0.1675768,-0.03764534,0.2531904
0.7229919,0.2772808,0.458312,-0.1626816,-0.510362,0.8998066
-0.07276154,-1.44808,0.2761669,0.3467255,-1.432824,1.475974
0.6633987,0.1088083,-0.3394365,-0.3133838,-0.169844,0.7530965
-1.530785,-0.5820096,1.17501,0.17213,-1.299906,2.01561
-0.2734013,0.07410347,0.5841076,-0.1149316,0.5774633,0.6491697
1.502844,0.1184195,1.011306,0.1742632,1.003193,1.815297
2.857704,-2.696127,0.5537391,2.738521,0.276102,3.967644
-1.482445,0.4511178,-0.7150888,-0.2359827,0.8118937,1.706605
1.514488,-0.217855,0.1982212,-0.2375984,-0.1740673,1.542863
1.466454,-0.1225173,0.1263027,-0.1483974,-0.09455811,1.476973
1.258324,-0.06428361,0.337327,-0.3433428,0.006135001,1.304339
1.469902,-0.08103251,-0.06500435,0.04733753,-0.09247217,1.473568
1.475327,-0.09459257,0.1330147,-0.1494074,-0.06571177,1.484328
0.1927624,-0.1184344,-0.2041936,0.1714771,-0.1622262,0.3047607
0.5949707,0.105381,0.5812883,-0.5183086,0.2834739,0.8384458
-3.911947,-0.1427531,-0.3320515,0.2289505,-0.2796752,3.928609
1.37648,-0.2281517,1.374972,-1.2399,0.6365915,1.958902
-4.318741,-1.65385,-2.489603,-2.642357,1.396887,5.25213
-2.443642,-1.660913,-1.795174,-1.94916,1.477179,3.457263
0.371172,-0.2980232,0.7962766,-0.84795,-0.06208916,0.9277084
2.986458,0.1205802,1.066265,1.062662,0.1490244,3.173388
-0.08876038,-1.513303,0.8058777,-1.157604,-1.264704,1.7168
-1.16452,-0.05489588,0.3212214,-0.2699156,-0.1825989,1.209258
-0.8003044,-0.8279977,0.6462097,-0.7975502,-0.6834332,1.320475
-2.530872,-0.007838011,0.2177477,-0.1926551,-0.1017823,2.540234
-2.988918,0.07647276,0.4604816,-0.4476366,-0.132337,3.025149
-2.1992,-0.3701448,0.3218651,-0.1178126,-0.4761559,2.253238
0.7667809,0.2259612,0.1486063,-0.244401,0.1158038,0.8130776
4.479498,0.8729845,-2.707261,2.655405,1.019897,5.306342
3.779076,0.09807944,0.5007505,-0.3559073,-0.3656512,3.813369
-1.214642,-0.5316434,0.5539665,-0.6500244,-0.4086462,1.436968
-3.549353,-0.197351,-0.8678198,0.7015147,-0.5476635,3.65923
-2.08697,-0.3912598,0.4070461,-0.5444682,-0.1494161,2.161994
-3.595646,-0.1927018,-0.4520595,0.3179734,-0.3746798,3.629072
-0.01180267,-0.1236945,0.762862,-0.7069862,0.3121367,0.7729153
1.142185,-0.4542023,0.9333253,-1.034153,0.08901922,1.543367
1.042496,-0.5930662,1.300651,-1.417537,0.1844172,1.769242
1.372433,-0.4713386,1.245117,-1.301418,0.2806908,1.91208
-3.965459,-0.1481549,-0.8663476,0.7179177,-0.5070514,4.061696
3.312345,-0.2898872,1.642534,-1.599719,0.4720729,3.708582
1.628677,0.05309284,-0.2260923,0.2212554,-0.07058808,1.645152
-0.5997238,-0.09900331,-0.9215717,0.9166136,-0.1375346,1.103977
-1.011723,-0.4586582,-0.07308578,0.1771545,-0.429331,1.113235
0.2944603,-0.1229353,-0.2686043,0.2953568,-0.005073698,0.417095
0.08790588,-0.00551343,-0.00295639,0.001826286,-0.005983547,0.08812822
1.677704,0.3584623,0.9031057,0.9210701,-0.3093947,1.938759
2.743568,-0.7150769,-0.3234744,0.5635321,-0.5462616,2.853618
-4.022537,0.3271699,-0.0579834,-0.2080197,0.2590931,4.036237
1.283684,-0.3670158,0.7196198,-0.0776825,-0.8040637,1.516706
0.5694122,-0.382483,1.506221,1.512611,-0.3563763,1.655061
14.36498,-2.335787,-1.679927,1.961101,-2.105265,14.65028
-1.466248,0.4291534,-0.4786129,0.6421413,0.02995794,1.600976
1.210022,0.2273023,-0.1158118,-0.09414959,-0.237096,1.236621
-0.1112823,0.2690554,0.01727343,-0.1741774,0.2057945,0.2916726
-0.132225,-0.7354326,-0.5143394,0.671772,-0.5950871,0.9071327
-0.4541397,-0.4790721,-0.1528587,0.05347443,-0.5000164,0.677583
-0.3899078,-0.1188815,-0.7481937,0.7426729,-0.1495446,0.8520298
0.730751,-1.150967,0.4557838,-0.1640015,-1.227015,1.437519
0.9759102,-0.2132356,-0.05763817,-0.04966259,0.2152333,1.000596
-0.4456711,-0.6664095,1.147354,-1.25832,-0.420897,1.399695
-0.4433556,-0.6087427,-0.1541367,0.2916641,-0.5561095,0.7686936
-0.1723938,0.1620054,-0.3391147,-0.05244541,-0.3721478,0.4134781
1.032478,0.4250708,-0.08336306,0.306592,-0.3059998,1.119663
0.7904434,0.1593232,0.3030419,0.3063173,0.1529314,0.8614053
-0.2588959,-0.1029372,0.1103997,-0.01909208,0.149732,0.2996852
-1.503986,-0.3608465,-0.3308058,-0.3915055,-0.293881,1.58165
0.3182831,-0.2599657,-0.02744198,-0.2611542,0.01156317,0.411873
2.062012,0.5346837,0.6112456,-0.8031044,-0.1205457,2.216168
14.53206,-2.360731,-1.997524,2.260838,-2.109922,14.85745
-0.08480644,-1.924738,0.6770792,0.243432,-2.025783,2.042118
-0.3091507,-1.728981,-1.022577,-1.854326,-0.7723429,2.032391
-0.04967117,0.4648566,-0.4322886,0.4826714,0.4123027,0.6367357
-0.2340851,-0.1474172,0.3266037,-0.3375887,0.1201485,0.4280159
-0.02306366,0.000953674,0.4554043,-0.2487373,-0.3814757,0.4559889
0.1346636,0.2553463,-0.3138959,0.3748522,0.1523753,0.4264583
4.443735,-9.872808,-13.2142,15.7083,-5.033547,17.08315
-0.3514519,-0.6560535,0.272953,0.05085182,-0.708748,0.7927346
0.4647446,0.3563613,-0.5017757,0.5295209,0.3136556,0.7712067
-0.2421589,-1.063392,0.4724026,-0.006932259,-1.16358,1.188531
40.77452,71.19846,44.79358,81.55321,20.6097,93.47859
-1.879803,-1.256824,-8.716518,8.637021,-1.720222,9.005052
0.9504509,2.288103,1.912434,2.976734,-0.1785279,3.129884
0.8917274,3.370106,3.605099,4.926945,0.2820694,5.01493
1.517071,-0.105083,0.1070023,-0.05714321,-0.1386598,1.524466
1.795906,-0.1729727,0.4087329,-0.3039842,-0.3233815,1.849935
-0.4600525,-0.1690984,0.1504183,-0.2244608,-0.02893537,0.5127068
-0.1266174,0.1847446,-1.289821,1.298266,0.1107807,1.309122
-0.3651066,-0.2088994,0.2192497,-0.3025918,-0.01214951,0.4743545
-0.3917923,-0.2224147,0.1877248,-0.2873228,-0.04641715,0.4880677
-0.2730713,-0.1916587,-0.7208939,0.7133398,-0.2180994,0.7943481
12.88714,0.002518296,-2.911097,2.647798,-1.209822,13.21185
-0.2989922,-0.3530684,0.2924252,-0.1057568,-0.4460776,0.5473263
-1.545238,-1.553415,-0.9657025,-1.673002,-0.739421,2.394461
-1.605885,-0.1915395,-0.530827,0.5196049,0.2201716,1.702155
0.5040207,-0.5237162,-0.5289435,0.694324,-0.2682799,0.8989421
-0.604681,-1.484468,0.4279919,0.2315912,-1.527478,1.659055
0.6207275,-0.710413,0.3874359,-0.02484131,-0.8088115,1.019851
2.00407,2.683788,3.748001,4.534798,0.8281555,5.026582
-0.1848297,-1.466513,-0.4769325,-1.520945,-0.25466,1.553154
4.709295,-9.869204,-13.61562,16.05056,-5.01654,17.46321
4.152849,-9.591208,-13.66281,15.95132,-4.921273,17.20203
-2.029915,-0.410229,-0.1822174,0.09539723,-0.4386237,2.078953
0.8035812,0.125438,-0.110775,-0.116745,-0.1199019,0.8208219
0.8342285,-0.0643425,0.03992319,0.02861404,-0.07010795,0.8376581
0.02410316,0.07493782,-0.5983829,0.571619,0.1921706,0.6035386
0.2226219,-0.05277991,-0.4362335,0.4378643,0.03688157,0.492591
0.1450424,0.2312064,0.1797028,-0.2219963,0.1909637,0.3267825
-0.453125,0.2054873,0.2050037,-0.258297,0.1324168,0.5381206
2.484707,-0.5168023,0.7574558,-0.5567207,-0.7286194,2.648508
-0.5562553,0.1093745,0.2670879,-0.2876377,0.02373336,0.6266727
31.66733,-8.531363,-22.51177,23.6575,-4.459454,39.77919
0.1625252,0.01674891,0.4043941,-0.3903484,-0.1069732,0.4361532
31.53486,-8.57225,-22.7932,23.93793,-4.470902,39.84296
1.243637,-0.2769237,0.3307114,-0.2295132,-0.365213,1.316317
-4.478102,0.3039092,0.2039313,-0.07078528,0.3590811,4.493033
1.318043,0.1599789,0.1358211,-0.07137263,0.197349,1.334645
-0.4735394,0.1047552,0.3616095,-0.3002055,0.2271821,0.6049583
-0.4058456,0.05678833,0.3737807,-0.3307414,0.1831587,0.55466
-0.2237282,0.02251565,0.6061852,-0.5566326,0.2410965,0.646546
-0.8224983,0.3136247,0.2515912,-0.1081612,0.3872465,0.915512
-0.7348976,0.2096295,0.3162861,-0.2138946,0.3134175,0.8270767
0.8325806,-0.3307164,-0.1224399,0.03471851,0.3509409,0.9041876
-0.5917549,-0.2903342,-0.1805182,0.2791643,-0.1973527,0.683414
0.9060287,-0.4610717,0.2180457,0.3959889,0.32144,1.039721
-0.4154091,0.1459718,0.001490593,-0.05606079,0.1347856,0.440312
-0.8535099,-0.9490552,0.3169718,0.08064938,-0.9973327,1.315164
0.9452019,0.1788141,-0.3651142,0.401299,0.06513072,1.028926
-0.3072262,0.5824715,-0.3528237,0.6403304,0.2318072,0.7470914
24.66184,-14.89818,-3.791589,13.31905,-7.676909,29.06094
0.04607201,-0.3346354,0.2260566,-0.3868383,-0.1159247,0.4064542
-0.949379,-0.07548928,-0.04466772,0.07540536,-0.04480996,0.9534224
-0.8095627,0.08288026,-0.4783511,0.394254,0.2832891,0.9439707
-0.4125214,0.1052916,-0.3900886,0.3044302,0.2656645,0.5774333
0.3230362,-0.441998,0.7766247,-0.5992546,-0.662874,0.9501897
0.5366859,-0.1105666,-0.004118681,0.04404879,-0.101497,0.5479724
-1.557829,-0.02318621,-0.119555,0.1076379,-0.05696496,1.562582
1.089027,0.01531839,0.1764119,-0.1586665,0.07861841,1.10333
0.6444359,0.3269017,-3.683645,3.665963,-0.4866347,3.753851
1.730152,0.4088581,-3.670949,3.667704,-0.4370097,4.078781
14.06033,-2.21312,-2.196234,2.389131,-2.003347,14.40188
0.08161163,0.07978082,-0.3012419,0.1687694,0.2619705,0.3221368
-0.2356567,-1.094612,-1.267886,-0.8897095,-1.419199,1.691521
0.4522514,-0.2064109,0.06063652,0.0717392,0.2028195,0.5008129
4.215643,-9.335249,-13.77858,15.92665,-4.83094,17.1688
-0.4434242,-0.32127,-0.9892583,-0.4571381,-0.9342757,1.130695
0.002609253,0.000655651,-0.3146529,0.2732825,0.1559601,0.3146644
-0.03541374,0.4900694,-0.3368735,0.4798496,0.3512779,0.5957398
-0.008971214,0.3841519,-0.2447307,0.3543513,0.2861835,0.4555725
-0.01820374,-0.1867714,0.08987236,0.1070652,-0.1774757,0.2080672
0.2759056,-0.2007931,0.08206964,-0.1669923,-0.1384445,0.3509661
0.1552582,-0.03182793,0.277698,-0.1357679,-0.2443282,0.319741
0.1576633,-1.026034,-0.2969379,0.6677084,-0.833717,1.079711
-0.09873962,-8.471848,-4.7397,-9.705898,0.1802799,9.708075
-1.006203,-8.556366,-4.632818,-9.724625,0.3256933,9.781965
-1.074295,-7.416069,-3.886425,-8.363255,0.3979318,8.441356
-2.252502,-3.988861,-3.704607,-5.300171,-1.242301,5.891425
-2.426353,-5.016865,-3.877102,-6.281021,-0.8658085,6.788817
-2.162354,-5.115776,-2.388538,-5.620781,0.5320721,6.045829
-2.38192,-2.053619,-0.9480362,-2.250908,0.2225724,3.284763
40.39645,71.50587,44.58291,81.71006,20.59593,93.44838
-1.086966,-1.154989,-10.28276,10.19613,-1.763004,10.40436
-0.2338495,0.361219,-0.3047287,0.401963,0.2485248,0.5272802
1.200371,-0.4408956,0.16855,-0.4012899,0.2485246,1.28984
0.6891556,-0.2081692,0.9215117,0.9075811,-0.2623258,1.169382
0.6302567,-0.2682805,1.150227,1.140647,-0.306463,1.338738
-1.332914,0.2827497,0.02667999,-0.1536074,0.2388803,1.362835
2.681248,0.04714727,-0.1843095,-0.08714616,0.169111,2.687989
-1.268703,0.1159012,-0.4632473,-0.1622455,0.4491187,1.355596
-0.3825912,0.0397563,-0.1027226,0.07267666,0.08276838,0.3981313
0.09819794,-0.08571148,0.2598882,-0.2734758,0.009966413,0.2907424
0.570797,-0.07934868,0.05384684,-0.07100701,-0.06444898,0.578796
0.06002045,1.375943,-0.2109404,1.030523,0.9358083,1.393312
2.405209,-0.2541237,-0.2466087,-0.3276482,-0.1343176,2.431136
0.7338943,-0.1073475,-0.09239912,0.1358833,0.03995981,0.7474369
0.113533,0.120908,-0.3580809,-0.3630271,-0.1051284,0.3946269
-0.3349075,0.04768372,-0.3775001,-0.3796232,-0.02581242,0.5068955
-0.2189789,0.06562471,-0.3628969,-0.3659201,-0.04586156,0.4288969
0.1446228,0.1519322,-0.2151728,-0.2206829,-0.1438117,0.3004971
-0.3387527,0.1110435,-0.2640009,-0.2687273,-0.09905933,0.4435995
-0.003097534,0.1159012,-0.2756357,-0.280484,-0.1036189,0.299028
0.04406738,0.07727742,-0.3885031,-0.3920088,-0.05688196,0.3985579
3.26717,0.2475083,0.9563208,-0.9503164,0.2696438,3.41324
2.325327,1.014426,0.5737424,0.757307,0.8858482,2.601036
0.7254601,0.8944273,0.3016949,0.3278475,0.8851756,1.190509
0.8349075,0.3374224,0.05853176,0.1605768,0.3024813,0.9024137
1.31163,0.02580929,0.2950544,-0.2180138,0.2004826,1.344655
1.209927,0.2097788,-0.3999472,0.4455929,-0.07356486,1.291467
-0.01678085,-0.05289936,0.1793146,-0.1746578,0.06668371,0.1877063
0.7480469,0.9247627,0.2542858,0.9441376,-0.1686757,1.216315
0.6057243,0.8130341,0.415905,0.9129295,0.02368746,1.095857
0.06509018,0.1818504,0.07861328,0.1979675,-0.007647721,0.2085338
-1.803333,0.6585693,0.3800144,0.7583313,0.05530162,1.957073
0.1970596,0.03448105,-0.9596176,-0.3792686,-0.8821622,0.9802486
-0.1352539,-0.2717381,0.2238045,-0.3441973,-0.0738799,0.3771255
0.01895142,-0.1246631,0.3819466,0.3735383,0.1479637,0.4022229
0.1105423,-0.1440346,0.2975583,0.2885332,0.1613552,0.3485779
3.5467,-0.1518726,0.5483389,0.5446358,0.1646602,3.592049
2.956951,-1.522125,-0.7599235,-1.537109,-0.7291391,3.411438
-1.98534,-1.059383,0.2143383,-0.8588867,0.6561612,2.260489
0.03862,-0.3925567,-0.1516228,0.2647591,-0.3270976,0.4225893
-1.64077,0.1387447,0.4716158,-0.3776155,0.3147665,1.712833
-0.2621021,0.01186132,0.5594134,-0.5086186,0.2332193,0.6178848
-0.284874,2.204296,1.532902,2.677803,0.1951415,2.699975
0.6163597,-0.2965331,0.7559433,-0.6287575,-0.5138544,1.019452
0.618351,-0.2946854,0.7568016,-0.6301575,-0.5123374,1.020758
-0.4498901,-0.08517504,0.5376697,-0.4155817,-0.3516181,0.7062185
0.8570366,-0.3836751,0.7007732,-0.5486431,-0.5807586,1.171666
-2.724625,0.5176663,-0.3237123,0.2833643,0.540808,2.792194
0.9956436,0.6839037,-0.4518151,0.3400049,-0.745827,1.289639
0.2464447,0.4653335,-0.1558304,0.301919,-0.3868634,0.5491387
-0.3826218,-0.1977086,-0.3924012,-0.3811669,-0.2185844,0.5826378
2.674156,-0.2518296,0.428546,-0.4692783,-0.163852,2.71996
2.334251,-0.394851,0.5289316,0.5737593,-0.3263067,2.425779
1.445295,0.9702295,0.5268872,0.7091808,0.8461784,1.818745
-3.863239,-0.3163509,-0.03070831,0.2679291,-0.1709794,3.876292
-0.3015442,0.2904832,0.1987934,-0.256443,0.2411147,0.4634956
-0.3331833,0.2726912,0.2116556,-0.2650223,0.2211828,0.4797601
0.4771652,-0.1112523,-0.09887314,-0.06678009,0.1330165,0.4998396
0.6671028,-0.5291996,0.6936665,-0.1727524,-0.8552088,1.098295
0.5603371,-0.1167946,0.5589848,-0.3496943,-0.451463,0.8000516
-0.005081177,-0.07352257,0.3463745,-0.2176294,-0.2793176,0.3541281
0.9079857,0.02664375,0.1881962,-0.1617584,-0.0998097,0.9276668
-0.2982216,-0.09494972,0.06494522,0.01080704,-0.1145275,0.3196396
0.1327286,0.1432896,0.04653931,0.02506876,-0.1485576,0.2007852
-8.540878,2.747625,-7.292628,-6.298874,4.588689,11.56194
1.232513,-0.5230904,0.2076864,-0.1558099,-0.5408145,1.354934
-0.05825806,0.255242,-0.362891,0.4212835,0.139135,0.4474733
0.1839752,0.240609,-0.3012598,0.3581834,0.1426703,0.4271967
-3.304337,-0.3890991,-0.2020478,0.3952053,-0.1898258,3.333296
-2.796955,0.2650619,0.07121658,-0.09490967,0.2575309,2.810389
-1.801794,0.01642108,0.629741,-0.573271,0.2611579,1.908744
0.6156521,0.0679493,0.3570557,-0.3017356,0.2026363,0.7149359
5.150482,-0.1133978,0.433279,0.423027,0.1471025,5.169919
-0.3980942,-0.02837181,-0.03324699,-0.03590393,0.02492442,0.4004863
0.008335114,0.4748702,-0.2351105,0.3727832,0.3765785,0.5299511
-0.3781357,0.2048612,-0.3509879,-0.4057691,0.02262865,0.5551101
0.851757,-0.09101629,-0.3489375,0.3007193,-0.1990208,0.9249494
6.017063,-0.3173053,1.996363,-2.000203,-0.2921212,6.347535
2.024109,-0.7609129,-1.865232,-1.577439,1.252903,2.855713
-2.192734,-0.2066803,-0.147892,-0.02464676,0.2529447,2.207412
-0.672554,-0.2527833,0.3794074,-0.1909599,-0.4139852,0.8125136
0.8174324,-0.270009,1.653112,-1.486116,-0.7727506,1.863835
2.045195,-0.300318,-0.2475681,0.187129,-0.341268,2.081899
-0.3637524,0.2911687,-0.3905654,0.3095195,0.3761891,0.6079773
11.63709,-0.7746518,6.562233,-6.554633,-0.836519,13.38226
-1.293531,0.9227246,0.119859,0.7025884,0.6100461,1.593427
-1.460026,1.375154,0.04146099,1.160125,0.7395105,2.006101
-1.466888,-3.141373,-0.8707275,-3.145882,0.8542934,3.574654
0.1372452,-1.136124,-0.1683235,0.4635181,1.050839,1.156697
-0.1738815,0.0551939,-0.2851963,-0.279335,0.07971976,0.3385529
-3.491948,0.1990497,-1.138526,1.138814,-0.1973971,3.678256
-3.382336,1.419724,-0.4592896,-1.130597,0.9738134,3.696858
1.23801,-0.2810955,0.4438758,0.08250141,-0.5188776,1.344883
0.1810875,0.2094812,-0.206089,-0.1038923,0.2748844,0.3451779
-0.03185272,-0.2930164,0.3211141,-0.3252044,0.2884701,0.4358755
-10.10036,1.071393,-3.721203,-3.807297,-0.7069143,10.81723
1.032867,-0.008791685,-0.1568661,-0.1553421,0.02352066,1.044749
0.6740189,0.153631,0.3347397,0.3198605,-0.1825991,0.768085
-1.170723,-0.06261468,-0.1541734,0.1654849,0.01745827,1.18249
0.7548981,-0.5585551,0.5992532,0.7790205,0.2534071,1.113984
1.372406,-0.4025698,-0.2020478,0.001741886,0.4504253,1.444432
-1.743584,-0.1348853,0.4014373,-0.2280166,-0.3568671,1.794277
-1.574593,0.009357929,0.127542,-0.109082,-0.06674898,1.579777
-0.06367874,0.0320226,0.1543641,-0.1245292,0.0966757,0.1700256
-1.601051,-0.4759133,1.797676,-1.859265,-0.03557011,2.453874
-0.1987839,0.4908442,-0.4397869,0.5490513,0.3645316,0.6883717
2.465759,0.9633303,-4.499114,4.597378,-0.184796,5.220153
-2.954713,0.1661777,-0.9653866,0.9637294,-0.1755349,3.112863
-0.6964607,1.149207,0.0200212,0.9479604,0.6499611,1.343926
0.5608196,0.008404255,0.06135106,-0.06052887,-0.01307045,0.564228
-2.48761,-0.1743138,-0.2406478,0.2971084,-0.004837814,2.505294
-0.08512115,-0.454277,-0.2045631,-0.4820805,-0.1257462,0.5054298
-0.2326813,-0.110954,-0.2121806,0.07699466,-0.2267228,0.3338742
1.097219,-0.06254017,0.2830982,-0.2866268,0.04360103,1.134877
0.4311142,-0.07498264,0.1638472,-0.1798761,-0.01062557,0.4672556
-0.7131805,-0.1382232,0.7683516,-0.5759015,-0.5270742,1.057401
-0.004213333,-0.0589788,0.3636777,-0.3601253,0.07778018,0.3684532
0.01662064,-0.03643334,0.2642095,-0.2587583,0.06463894,0.2672271
-1.076862,0.166744,0.2402077,-0.2551594,0.142818,1.115857
-1.549042,1.882671,1.99342,2.635742,0.7556695,3.149239
0.418251,-1.257748,1.529099,-1.066986,-1.667817,2.023612
1.615894,-0.2932176,-0.09099543,-0.05190933,-0.3025924,1.644801
-0.8899612,-0.3695774,-0.461936,-0.4350052,-0.4009275,1.068646
0.7569542,-0.2835691,-0.3108382,0.413424,-0.07818228,0.8660321
0.9596043,1.195326,0.000208616,0.9978595,0.6580894,1.532855
-1.172356,0.5819201,-1.398314,-1.400682,-0.5761946,1.915288
-1.514004,0.6288588,-1.624447,-1.626102,-0.6245658,2.307921
0.2561798,-0.6703415,3.263145,3.195885,-0.9401045,3.341123
-0.04884338,-0.5586472,-0.4187088,-0.6939087,-0.07677525,0.6998495
0.1599388,-0.03747642,-0.05540252,0.0333606,-0.05797404,0.1733619
-0.2330437,-0.1151711,0.03846884,-0.1025138,0.06507798,0.2627805
-0.3761902,-0.03430247,0.4014254,-0.3998499,0.04938667,0.5512151
0.8749542,0.5717874,1.129782,0.8726802,-0.9174846,1.539121
0.3223953,0.1005828,0.4075527,0.3338504,-0.2544799,0.5292966
-0.5200806,0.2488792,0.5149722,0.3811188,-0.4264807,0.7730595
0.03211212,0.2309084,-0.6947041,0.7275496,0.08126546,0.732778
-1.232025,-0.2863705,1.651859,-1.675533,0.05688207,2.080513
-0.1193066,-0.03992021,0.5141854,-0.4914775,0.1563016,0.5293528
0.04658699,0.03007054,0.245297,-0.2153809,0.1211854,0.2514859
0.06258965,-0.03910065,0.3269434,-0.318608,0.08312497,0.3351691
0.7520046,-0.04152954,0.3278077,-0.3194094,0.08461816,0.8213973
-0.0280304,0.07915497,0.4023015,-0.3406889,0.2281295,0.4109717
0.2089138,0.07301569,0.3134489,-0.2600427,0.1896294,0.383701
0.3169098,0.02422929,0.748229,-0.6515508,-0.3686669,0.8129364
-1.453705,-0.004470348,-0.2426147,0.2417908,0.02047348,1.473818
-0.312561,-0.02244115,0.5357504,-0.5041676,0.182612,0.6206661
0.2539425,-0.1127124,0.4339695,-0.4447789,0.0566153,0.5152867
1.120602,-0.3409684,0.2113104,-0.05076504,-0.3979127,1.190235
0.6371918,-0.2647936,-0.4067779,-0.3566103,0.3292613,0.8009977
-0.6000977,-0.3947914,-0.1639247,-0.3270388,0.2752765,0.7367827
-1.067024,-0.1931489,0.5964279,0.6032143,0.1707784,1.237568
-0.3896637,-0.05754828,0.8435974,-0.8372898,0.1179582,0.9310243
-0.1339569,0.06711483,-0.228035,0.2369518,0.01892562,0.2728531
0.2576447,0.951618,-2.868975,3.007506,0.3024874,3.03364
0.04089355,0.2729893,-0.5658264,0.6107473,0.1472085,0.6295673
-0.2984314,0.312835,-0.9109259,0.9562798,0.1148074,1.008322
-6.297894,0.3249943,-3.610803,-3.623645,0.1127497,7.266841
-4.469109,0.9301302,-1.866615,1.481436,-1.467903,4.931767
-0.2186222,0.06073713,-0.1126111,0.1275241,0.01038499,0.2533099
-1.136408,0.6631762,-0.3505468,0.3271339,0.6750327,1.361657
-1.331085,1.732975,0.03168488,0.6398392,-1.610842,2.185405
-2.126526,0.3742874,-0.3318012,0.2515065,0.4323512,2.184558
-1.017294,0.1692623,-0.4190445,0.3491586,0.2869431,1.113164
1.00383,0.05963445,0.1291156,-0.1415,-0.01431259,1.013855
0.1810303,-0.7759037,-0.2816319,-0.8118434,-0.1491759,0.8450533
-1.296465,0.4207191,1.206091,0.5743484,1.140957,1.820022
0.4781418,-1.454383,4.284036,-4.500576,-0.4615293,4.549375
-0.6142273,-0.6073399,0.1831417,0.5127831,0.3734383,0.8829936
0.10186,0.4975796,-1.639545,1.707606,0.1406257,1.716412
-0.1024551,0.3859997,-1.200926,1.255233,0.1249374,1.265589
0.1964111,0.5105138,-1.793408,1.860626,0.122508,1.874971
0.320549,1.686573,-5.256641,5.501188,0.4623131,5.529879
-0.1972809,0.4716218,-1.617885,1.680845,0.1213963,1.696731
1.031708,-0.06382167,-0.2460301,0.2100148,-0.1431701,1.062556
-0.9290085,1.492741,0.4317551,-0.3152237,-1.521618,1.810454
-0.5157623,-0.7123649,2.567816,-2.66326,-0.09047203,2.71425
2.347878,0.5092919,-3.125155,3.155023,-0.2679698,3.941891
-0.6665421,-0.7529259,-0.3946066,0.05252361,0.8484416,1.080227
-0.3040848,0.06979704,0.08403063,0.04516125,-0.09946468,0.3231104
3.234161,-0.09924173,0.3386736,0.3528596,-0.0062194,3.25336
-4.096252,0.258863,-2.003455,-0.1092914,2.017151,4.567289
-0.7592278,-0.08307397,-0.1808763,0.1048389,-0.169193,0.7848849
-0.2700672,-0.1773685,0.01520514,-0.1122965,-0.1381315,0.3234611
-1.391212,-0.4090965,1.307047,-1.36275,-0.1365427,1.95223
